[{"@type":"mtTask","id":"@1","name":"mct_BM_HardieZone_Step2","description":"","runtimeEnvironmentId":"@3XKHGjmD66QdpIa9NlgICl","postProcessingCmd":"D:\\JHINFA\\BigMachines\\Scripts\\ZIPTOZONE.bat","maxLogs":10,"verbose":false,"mappingId":"@7NRSaiTnrQcfCv4bClBlEz","shortDescription":"","sessionPropertiesList":[],"enableCrossSchemaPushdown":true,"enableParallelRun":false,"autoTunedApplied":false,"autoTunedAppliedType":"NONE","paramFileType":"PARAM_FILE_LOCAL","parameterFileEncoding":"UTF-8","serverlessProperties":{},"parameters":[{"@type":"mtTaskParameter","id":173667238,"name":"$Src_STG_BM_HardieZone$","type":"SOURCE","label":"Src_STG_BM_HardieZone","uiProperties":{"connectionParameterized":"false","objectParameterized":"false","visible":"false"},"sourceConnectionId":"@ad8cmU7wyihcBb5LLFMX6g","sourceObject":"DUMMY_Src_STG_BM_HardieZone","newFlatFile":false,"newObject":false,"showBusinessNames":false,"naturalOrder":true,"truncateTarget":false,"bulkApiDBTarget":false,"customFuncCfg":{"@type":"customFuncConfig","id":-1,"connections":[],"inputMap":[],"outputFields":[]},"tgtFieldRefs":{},"targetUpdateColumns":[],"runtimeAttrs":{},"isRESTModernSource":true,"customQuery":"SELECT\nREPLACE(Post_Code,',','') Post_Code,\nREPLACE(Sales_Dist,',','') Sales_Dist,\nREPLACE(Sales_Dist_Name,',','') Sales_Dist_Name,\nREPLACE(Hardie_Zone,',','') Hardie_Zone,\nREPLACE(Hardie_Zone_name,',','') Hardie_Zone_name\nFROM BM_HardieZone","isFileList":false,"handleSpecialChars":false,"frsAsset":false,"dynamicFileName":false,"currentlyProcessedFileName":false,"fetchMode":"ORIGINAL","tgtObjectAttributes":{},"runtimeParameterData":{"@type":"mtTaskRuntimeParameterData","isConnectionRuntimeParameter":false,"isObjectRuntimeParameter":false},"overriddenFields":[]},{"@type":"mtTaskParameter","id":173667241,"name":"$Tgt_FF_Zip_To_Zone$","type":"TARGET","label":"Tgt_FF_Zip_To_Zone","uiProperties":{"connectionParameterized":"false","objectParameterized":"false","visible":"false","defaultTargetUpdateColumns":""},"targetConnectionId":"@2B5TYkH4nikgmN6N8AUW28","targetObject":"Zip_To_Zone_Part3.csv","targetObjectLabel":"Zip_To_Zone_Part3.csv","newFlatFile":false,"newObject":true,"showBusinessNames":false,"naturalOrder":true,"newObjectName":"Zip_To_Zone_Part3.csv","truncateTarget":false,"bulkApiDBTarget":false,"operationType":"Insert","tgtFFAttrs":{"@type":"flatFileAttrs","id":27045436,"delimiter":",","textQualifier":"\"","escapeChar":"","headerLineNo":1},"customFuncCfg":{"@type":"customFuncConfig","id":-1,"connections":[],"inputMap":[],"outputFields":[]},"tgtFieldRefs":{},"targetUpdateColumns":[],"extendedObject":{"@type":"extendedObject","filters":[],"sortFields":[]},"runtimeAttrs":{},"isRESTModernSource":true,"isFileList":false,"handleSpecialChars":false,"frsAsset":false,"dynamicFileName":false,"currentlyProcessedFileName":false,"fetchMode":"ORIGINAL","tgtObjectAttributes":{},"runtimeParameterData":{"@type":"mtTaskRuntimeParameterData","isConnectionRuntimeParameter":false,"isObjectRuntimeParameter":false},"overriddenFields":[]}],"sequences":[],"inOutParameters":[],"connRuntimeAttrs":[]}]