[{"@type":"workflow","id":"@1","name":"tf_BM_SalesDeal","description":"Sales Deal SFTP from SAP to Bigmachines","maxLogs":10,"references":[{"@type":"reference","refObjectId":"@8NwJo5S36FSkTrLicULOyB","refType":"mtTask"},{"@type":"reference","refObjectId":"@4a94uV4ojwVhrCkhwkWGwB","refType":"mtTask"},{"@type":"reference","refObjectId":"@3fv3ZqkOXg6bqvVbqcxOa5","refType":"dssTask"}],"tasks":[{"@type":"workflowTask","taskId":"@8NwJo5S36FSkTrLicULOyB","type":"MTT","name":"mct_BM_SalesDeal_Step1","stopOnError":false,"stopOnWarning":false},{"@type":"workflowTask","taskId":"@4a94uV4ojwVhrCkhwkWGwB","type":"MTT","name":"mct_BM_SalesDeal_Step2","stopOnError":false,"stopOnWarning":false},{"@type":"workflowTask","taskId":"@3fv3ZqkOXg6bqvVbqcxOa5","type":"DSS","name":"ds_BM_SalesDeal_Step3","stopOnError":false,"stopOnWarning":false}]}]