[{"@type":"mtTask","id":"@1","name":"mct_BM_Matl_Info_Step2","description":"","runtimeEnvironmentId":"@3XKHGjmD66QdpIa9NlgICl","postProcessingCmd":"D:\\JHINFA\\BigMachines\\Scripts\\MATLINFO.bat","maxLogs":10,"verbose":false,"lastRunTime":1603201609000,"mappingId":"@97PbH2syXUXfpm9G3ZZWem","shortDescription":"","sessionPropertiesList":[],"enableCrossSchemaPushdown":true,"enableParallelRun":false,"autoTunedApplied":false,"autoTunedAppliedType":"NONE","paramFileType":"PARAM_FILE_LOCAL","parameterFileEncoding":"UTF-8","serverlessProperties":{},"parameters":[{"@type":"mtTaskParameter","id":173667226,"name":"$Src_STG_BM_Matl_Info$","type":"SOURCE","label":"Src_STG_BM_Matl_Info","uiProperties":{"connectionParameterized":"false","objectParameterized":"false","visible":"false"},"sourceConnectionId":"@ad8cmU7wyihcBb5LLFMX6g","sourceObject":"DUMMY_Src_STG_BM_Matl_Info","newFlatFile":false,"newObject":false,"showBusinessNames":false,"naturalOrder":true,"truncateTarget":false,"bulkApiDBTarget":false,"customFuncCfg":{"@type":"customFuncConfig","id":-1,"connections":[],"inputMap":[],"outputFields":[]},"tgtFieldRefs":{},"targetUpdateColumns":[],"runtimeAttrs":{},"isRESTModernSource":true,"customQuery":"SELECT\nREPLACE(Matl_Number,',','') Matl_Number,\nREPLACE(Image_ID,',','') Image_ID,\nREPLACE(Sell_ID,',','') Sell_ID,\nREPLACE(Marketing_Copy_ID,',','') Marketing_Copy_ID,\nREPLACE(Exposed_Width,',','') Exposed_Width,\nREPLACE(Nominal_Thickness,',','') Nominal_Thickness,\nREPLACE(Display_Grp,',','') Display_Grp,\nREPLACE(Board_Type_Sort,',','') Board_Type_Sort,\nREPLACE(Texture_Sort,',','') Texture_Sort,\nNULL 'Delete'\nFROM BM_Matl_Info","isFileList":false,"handleSpecialChars":false,"frsAsset":false,"dynamicFileName":false,"currentlyProcessedFileName":false,"fetchMode":"ORIGINAL","tgtObjectAttributes":{},"runtimeParameterData":{"@type":"mtTaskRuntimeParameterData","isConnectionRuntimeParameter":false,"isObjectRuntimeParameter":false},"overriddenFields":[]},{"@type":"mtTaskParameter","id":173667229,"name":"$Tgt_FF_Matl_Info$","type":"TARGET","label":"Tgt_FF_Matl_Info","uiProperties":{"connectionParameterized":"false","objectParameterized":"false","visible":"false","defaultTargetUpdateColumns":""},"targetConnectionId":"@2B5TYkH4nikgmN6N8AUW28","targetObject":"Matl_Info_Part3.csv","targetObjectLabel":"Matl_Info_Part3.csv","newFlatFile":false,"newObject":false,"showBusinessNames":false,"naturalOrder":true,"truncateTarget":false,"bulkApiDBTarget":false,"operationType":"Insert","tgtFFAttrs":{"@type":"flatFileAttrs","id":27045430,"delimiter":",","textQualifier":"'","escapeChar":"","headerLineNo":1},"customFuncCfg":{"@type":"customFuncConfig","id":-1,"connections":[],"inputMap":[],"outputFields":[]},"tgtFieldRefs":{},"targetUpdateColumns":[],"extendedObject":{"@type":"extendedObject","filters":[],"sortFields":[]},"runtimeAttrs":{},"isRESTModernSource":true,"isFileList":false,"handleSpecialChars":false,"frsAsset":false,"dynamicFileName":false,"currentlyProcessedFileName":false,"fetchMode":"ORIGINAL","tgtObjectAttributes":{},"runtimeParameterData":{"@type":"mtTaskRuntimeParameterData","isConnectionRuntimeParameter":false,"isObjectRuntimeParameter":false},"overriddenFields":[]}],"sequences":[],"inOutParameters":[],"connRuntimeAttrs":[]}]