[{"@type":"mtTask","id":"@1","name":"mct_BM_Mrkting_Color_Step2","description":"","runtimeEnvironmentId":"@3XKHGjmD66QdpIa9NlgICl","postProcessingCmd":"D:\\JHINFA\\BigMachines\\Scripts\\MRKTINGCOLOR.bat","maxLogs":10,"verbose":false,"mappingId":"@jFFkmgfrh6xdrxylWtBMc7","shortDescription":"","sessionPropertiesList":[],"enableCrossSchemaPushdown":true,"enableParallelRun":false,"autoTunedApplied":false,"autoTunedAppliedType":"NONE","paramFileType":"PARAM_FILE_LOCAL","parameterFileEncoding":"UTF-8","serverlessProperties":{},"parameters":[{"@type":"mtTaskParameter","id":173667244,"name":"$Src_STG_BM_Mrkting_Color$","type":"SOURCE","label":"Src_STG_BM_Mrkting_Color","uiProperties":{"connectionParameterized":"false","objectParameterized":"false","visible":"false"},"sourceConnectionId":"@ad8cmU7wyihcBb5LLFMX6g","sourceObject":"DUMMY_Src_STG_BM_Mrkting_Color","newFlatFile":false,"newObject":false,"showBusinessNames":false,"naturalOrder":true,"truncateTarget":false,"bulkApiDBTarget":false,"customFuncCfg":{"@type":"customFuncConfig","id":-1,"connections":[],"inputMap":[],"outputFields":[]},"tgtFieldRefs":{},"targetUpdateColumns":[],"runtimeAttrs":{},"isRESTModernSource":true,"customQuery":"SELECT\nREPLACE(JH_Color_Code,',','') JH_Color_Code,\nREPLACE(Sku_Color_code,',','') Sku_Color_code,\nREPLACE(Color_Abbrev,',','') Color_Abbrev,\nREPLACE(Color_Name,',','') Color_Name,\nREPLACE(RGB_Dec,',','') RGB_Dec,\nNULL 'Delete'\nFROM BM_Mrkting_Color","isFileList":false,"handleSpecialChars":false,"frsAsset":false,"dynamicFileName":false,"currentlyProcessedFileName":false,"fetchMode":"ORIGINAL","tgtObjectAttributes":{},"runtimeParameterData":{"@type":"mtTaskRuntimeParameterData","isConnectionRuntimeParameter":false,"isObjectRuntimeParameter":false},"overriddenFields":[]},{"@type":"mtTaskParameter","id":173667247,"name":"$Tgt_FF_Mrkting_Color$","type":"TARGET","label":"Tgt_FF_Mrkting_Color","uiProperties":{"connectionParameterized":"false","objectParameterized":"false","visible":"false","defaultTargetUpdateColumns":""},"targetConnectionId":"@2B5TYkH4nikgmN6N8AUW28","targetObject":"Mrkting_Color_Part3.csv","targetObjectLabel":"Mrkting_Color_Part3.csv","newFlatFile":false,"newObject":true,"showBusinessNames":false,"naturalOrder":true,"newObjectName":"Mrkting_Color_Part3.csv","truncateTarget":false,"bulkApiDBTarget":false,"operationType":"Insert","tgtFFAttrs":{"@type":"flatFileAttrs","id":27045439,"delimiter":",","textQualifier":"\"","escapeChar":"","headerLineNo":1},"customFuncCfg":{"@type":"customFuncConfig","id":-1,"connections":[],"inputMap":[],"outputFields":[]},"tgtFieldRefs":{},"targetUpdateColumns":[],"extendedObject":{"@type":"extendedObject","filters":[],"sortFields":[]},"runtimeAttrs":{},"isRESTModernSource":true,"isFileList":false,"handleSpecialChars":false,"frsAsset":false,"dynamicFileName":false,"currentlyProcessedFileName":false,"fetchMode":"ORIGINAL","tgtObjectAttributes":{},"runtimeParameterData":{"@type":"mtTaskRuntimeParameterData","isConnectionRuntimeParameter":false,"isObjectRuntimeParameter":false},"overriddenFields":[]}],"sequences":[],"inOutParameters":[],"connRuntimeAttrs":[]}]