[{"@type":"businessService","id":"@1","name":"BS_BAPI_CUSTOMER","description":"","type":"WebService","connectionId":"@51OTHMYdbVdk9a2sizB0OJ","businessOperations":[{"@type":"businessOperation","id":"@aVEnSyLYDsHciZtThLflSQ@BAPI_CUSTOMER_CREATEFROMDATA1","originName":"BAPI_CUSTOMER_CREATEFROMDATA1","name":"BAPI_CUSTOMER_CREATEFROMDATA1","description":"","configured":false,"metadataId":"@4","requestId":"@5","responseId":"@6","faultId":"@3","extensionXmlId":"@2"},{"@type":"businessOperation","id":"@aVEnSyLYDsHciZtThLflSQ@BAPI_CUSTOMER_GETDETAIL2","originName":"BAPI_CUSTOMER_GETDETAIL2","name":"BAPI_CUSTOMER_GETDETAIL2","description":"","configured":false,"metadataId":"@9","requestId":"@10","responseId":"@11","faultId":"@8","extensionXmlId":"@7"},{"@type":"businessOperation","id":"@aVEnSyLYDsHciZtThLflSQ@BAPI_CUSTOMER_GETDETAIL","originName":"BAPI_CUSTOMER_GETDETAIL","name":"BAPI_CUSTOMER_GETDETAIL","description":"","configured":false,"metadataId":"@14","requestId":"@15","responseId":"@16","faultId":"@13","extensionXmlId":"@12"},{"@type":"businessOperation","id":"@aVEnSyLYDsHciZtThLflSQ@BAPI_CUSTOMER_GETDETAIL1","originName":"BAPI_CUSTOMER_GETDETAIL1","name":"BAPI_CUSTOMER_GETDETAIL1","description":"","configured":false,"metadataId":"@19","requestId":"@20","responseId":"@21","faultId":"@18","extensionXmlId":"@17"},{"@type":"businessOperation","id":"@aVEnSyLYDsHciZtThLflSQ@BAPI_CUSTOMER_CHANGEFROMDATA1","originName":"BAPI_CUSTOMER_CHANGEFROMDATA1","name":"BAPI_CUSTOMER_CHANGEFROMDATA1","description":"","configured":false,"metadataId":"@24","requestId":"@25","responseId":"@26","faultId":"@23","extensionXmlId":"@22"}]}]