[{"@type":"fileRecord","id":"@15","name":"request","type":"XSD","size":10182,"attachTime":1606677331000},{"@type":"fileRecord","id":"@4","name":"metadata","type":"JSON","size":27345,"attachTime":1606677331000},{"@type":"fileRecord","id":"@16","name":"response","type":"XSD","size":22381,"attachTime":1606677331000},{"@type":"fileRecord","id":"@5","name":"request","type":"XSD","size":47367,"attachTime":1606677331000},{"@type":"fileRecord","id":"@13","name":"fault","type":"XSD","size":22376,"attachTime":1606677331000},{"@type":"fileRecord","id":"@6","name":"response","type":"XSD","size":13501,"attachTime":1606677331000},{"@type":"fileRecord","id":"@3","name":"fault","type":"XSD","size":13496,"attachTime":1606677331000},{"@type":"fileRecord","id":"@2","name":"extension","type":"XML","size":74782,"attachTime":1606677331000},{"@type":"fileRecord","id":"@9","name":"metadata","type":"JSON","size":86370,"attachTime":1606677331000},{"@type":"fileRecord","id":"@10","name":"request","type":"XSD","size":13202,"attachTime":1606677331000},{"@type":"fileRecord","id":"@11","name":"response","type":"XSD","size":88672,"attachTime":1606677331000},{"@type":"fileRecord","id":"@8","name":"fault","type":"XSD","size":88667,"attachTime":1606677331000},{"@type":"fileRecord","id":"@7","name":"extension","type":"XML","size":190949,"attachTime":1606677331000},{"@type":"fileRecord","id":"@14","name":"metadata","type":"JSON","size":17031,"attachTime":1606677331000},{"@type":"fileRecord","id":"@24","name":"metadata","type":"JSON","size":45249,"attachTime":1606677331000},{"@type":"fileRecord","id":"@25","name":"request","type":"XSD","size":83471,"attachTime":1606677331000},{"@type":"fileRecord","id":"@26","name":"response","type":"XSD","size":13084,"attachTime":1606677331000},{"@type":"fileRecord","id":"@23","name":"fault","type":"XSD","size":13079,"attachTime":1606677331000},{"@type":"fileRecord","id":"@22","name":"extension","type":"XML","size":110052,"attachTime":1606677331000},{"@type":"fileRecord","id":"@12","name":"extension","type":"XML","size":55345,"attachTime":1606677331000},{"@type":"fileRecord","id":"@19","name":"metadata","type":"JSON","size":66191,"attachTime":1606677331000},{"@type":"fileRecord","id":"@20","name":"request","type":"XSD","size":9747,"attachTime":1606677331000},{"@type":"fileRecord","id":"@21","name":"response","type":"XSD","size":69342,"attachTime":1606677331000},{"@type":"fileRecord","id":"@18","name":"fault","type":"XSD","size":69337,"attachTime":1606677331000},{"@type":"fileRecord","id":"@17","name":"extension","type":"XML","size":148834,"attachTime":1606677331000}]