[{"@type":"mtTask","id":"@1","name":"mct_BM_PA_PE_Data_Step2","description":"","runtimeEnvironmentId":"@3XKHGjmD66QdpIa9NlgICl","postProcessingCmd":"D:\\JHINFA\\BigMachines\\Scripts\\PAPE.bat","maxLogs":10,"verbose":false,"lastRunTime":1588704034000,"mappingId":"@0LbSRdoOR13hOCliD55lgh","shortDescription":"","sessionPropertiesList":[],"enableCrossSchemaPushdown":true,"enableParallelRun":false,"autoTunedApplied":false,"autoTunedAppliedType":"NONE","parameterFileEncoding":"UTF-8","serverlessProperties":{},"parameters":[{"@type":"mtTaskParameter","id":59951590,"name":"$Src_STG_BM_MF_SalesDeal$","type":"SOURCE","label":"Src_STG_BM_MF_SalesDeal","uiProperties":{"connectionParameterized":"false","objectParameterized":"false","visible":"false"},"sourceConnectionId":"@ad8cmU7wyihcBb5LLFMX6g","sourceObject":"DUMMY_Src_STG_BM_MF_SalesDeal","newFlatFile":false,"newObject":false,"showBusinessNames":false,"naturalOrder":true,"truncateTarget":false,"bulkApiDBTarget":false,"customFuncCfg":{"@type":"customFuncConfig","id":-1,"connections":[],"inputMap":[],"outputFields":[]},"tgtFieldRefs":{},"targetUpdateColumns":[],"runtimeAttrs":{},"isRESTModernSource":true,"customQuery":"select\nREPLACE(PA_Number,',','') PA_Number,\nREPLACE(Sales_District,',','') Sales_District,\nREPLACE(Type1,',','')  'Type',\nREPLACE(Material,',','') Material,\nREPLACE(Board_Profile_MPG,',','') Board_Profile_MPG,\nREPLACE(Start_Date1,',','')  'Start_Date',\nREPLACE(End_Date,',','') End_Date,\nREPLACE(Payer,',','') Payer,\nREPLACE(SAP_Table,',','') SAP_Table,\nNULL 'Delete'\nfrom BM_PA_PE_Data","isFileList":false,"handleSpecialChars":false,"frsAsset":false,"dynamicFileName":false,"currentlyProcessedFileName":false,"tgtObjectAttributes":{},"runtimeParameterData":{"@type":"mtTaskRuntimeParameterData","isConnectionRuntimeParameter":false,"isObjectRuntimeParameter":false},"overriddenFields":[]},{"@type":"mtTaskParameter","id":59951593,"name":"$Tgt_FF_MF_SalesDeal_Part3$","type":"TARGET","label":"Tgt_FF_MF_SalesDeal_Part3","uiProperties":{"connectionParameterized":"false","objectParameterized":"false","visible":"false","defaultTargetUpdateColumns":""},"targetConnectionId":"@2B5TYkH4nikgmN6N8AUW28","targetObject":"PA_PE_Data_Part3.csv","targetObjectLabel":"PA_PE_Data_Part3.csv","newFlatFile":false,"newObject":true,"showBusinessNames":false,"naturalOrder":true,"newObjectName":"PA_PE_Data_Part3.csv","truncateTarget":false,"bulkApiDBTarget":false,"operationType":"Insert","tgtFFAttrs":{"@type":"flatFileAttrs","id":10980787,"delimiter":",","textQualifier":"\"","escapeChar":"","headerLineNo":1},"customFuncCfg":{"@type":"customFuncConfig","id":-1,"connections":[],"inputMap":[],"outputFields":[]},"tgtFieldRefs":{},"targetUpdateColumns":[],"extendedObject":{"@type":"extendedObject","filters":[],"sortFields":[]},"runtimeAttrs":{},"isRESTModernSource":true,"isFileList":false,"handleSpecialChars":false,"frsAsset":false,"dynamicFileName":false,"currentlyProcessedFileName":false,"tgtObjectAttributes":{},"runtimeParameterData":{"@type":"mtTaskRuntimeParameterData","isConnectionRuntimeParameter":false,"isObjectRuntimeParameter":false},"overriddenFields":[]}],"sequences":[],"inOutParameters":[],"connRuntimeAttrs":[]}]