[{"@type":"mappingTemplate","id":"@1","name":"m_SAP_Cust_to_SF_Acct","description":"","bundleVersion":"0","templateId":"@3","deployTime":1606650128000,"hasParameters":false,"valid":true,"fixedConnection":true,"hasParametersDeployed":false,"fixedConnectionDeployed":true,"tasks":1,"mappingPreviewFileRecordId":"@2","documentType":"MAPPING","references":[{"@type":"reference","refObjectId":"@dJfssYLYVWfjNG2mwx9622","refType":"connection"},{"@type":"reference","refObjectId":"@3MCZHWeRQNybYncqpnIvuZ","refType":"connection"}]}]