[{"@type":"mappingTemplate","id":"@1","name":"m_BM_Mrkting_Color_Step2","description":"from SQL STG  to  JHINFA","bundleVersion":"0","templateId":"@3","deployTime":1608328067000,"hasParameters":false,"valid":true,"fixedConnection":true,"hasParametersDeployed":false,"fixedConnectionDeployed":true,"tasks":1,"mappingPreviewFileRecordId":"@2","documentType":"","references":[{"@type":"reference","refObjectId":"@ad8cmU7wyihcBb5LLFMX6g","refType":"connection"},{"@type":"reference","refObjectId":"@2B5TYkH4nikgmN6N8AUW28","refType":"connection"}]}]