[{"@type":"mtTask","id":"@1","name":"mct_BM_SalesDeal_Step2","description":"from SQL to JHINFA ","runtimeEnvironmentId":"@3XKHGjmD66QdpIa9NlgICl","postProcessingCmd":"D:\\JHINFA\\BigMachines\\Scripts\\MFSD.bat","maxLogs":10,"verbose":false,"lastRunTime":1588704022000,"mappingId":"@8XvTk4MR1mWe8DQj36dIeU","shortDescription":"from SQL to JHINFA ","sessionPropertiesList":[],"enableCrossSchemaPushdown":true,"enableParallelRun":false,"autoTunedApplied":false,"autoTunedAppliedType":"NONE","parameterFileEncoding":"UTF-8","serverlessProperties":{},"parameters":[{"@type":"mtTaskParameter","id":59951905,"name":"$Src_STG_BM_MF_SalesDeal$","type":"SOURCE","label":"Src_STG_BM_MF_SalesDeal","uiProperties":{"connectionParameterized":"false","objectParameterized":"false","visible":"false"},"sourceConnectionId":"@ad8cmU7wyihcBb5LLFMX6g","sourceObject":"DUMMY_Src_STG_BM_MF_SalesDeal","newFlatFile":false,"newObject":false,"showBusinessNames":false,"naturalOrder":true,"truncateTarget":false,"bulkApiDBTarget":false,"customFuncCfg":{"@type":"customFuncConfig","id":-1,"connections":[],"inputMap":[],"outputFields":[]},"tgtFieldRefs":{},"targetUpdateColumns":[],"runtimeAttrs":{},"isRESTModernSource":true,"customQuery":"select\nREPLACE(Ship_To,',','') Ship_To,\nREPLACE(Material,',','') Material,\nREPLACE(MG3,',','') MG3,\t\nREPLACE(Start_Date1,',','')  'Start_Date',\nREPLACE(End_Date,',','') End_Date,\nREPLACE(Condition_Record,',','') Condition_Record,\nREPLACE(Sales_Deal,',','') Sales_Deal,\nREPLACE(SAP_Table,',','') SAP_Table,\nNULL 'Delete'\nfrom BM_MF_SalesDeal","isFileList":false,"handleSpecialChars":false,"frsAsset":false,"dynamicFileName":false,"currentlyProcessedFileName":false,"tgtObjectAttributes":{},"runtimeParameterData":{"@type":"mtTaskRuntimeParameterData","isConnectionRuntimeParameter":false,"isObjectRuntimeParameter":false},"overriddenFields":[]},{"@type":"mtTaskParameter","id":59951908,"name":"$Tgt_FF_MF_SalesDeal_Part3$","type":"TARGET","label":"Tgt_FF_MF_SalesDeal_Part3","uiProperties":{"connectionParameterized":"false","objectParameterized":"false","visible":"false","defaultTargetUpdateColumns":""},"targetConnectionId":"@2B5TYkH4nikgmN6N8AUW28","targetObject":"MF_SalesDeal_Part3.csv","targetObjectLabel":"MF_SalesDeal_Part3.csv","newFlatFile":false,"newObject":true,"showBusinessNames":false,"naturalOrder":true,"newObjectName":"MF_SalesDeal_Part3.csv","truncateTarget":false,"bulkApiDBTarget":false,"operationType":"Insert","tgtFFAttrs":{"@type":"flatFileAttrs","id":10980865,"delimiter":",","textQualifier":"\"","escapeChar":"","headerLineNo":1},"customFuncCfg":{"@type":"customFuncConfig","id":-1,"connections":[],"inputMap":[],"outputFields":[]},"tgtFieldRefs":{},"targetUpdateColumns":[],"extendedObject":{"@type":"extendedObject","filters":[],"sortFields":[]},"runtimeAttrs":{},"isRESTModernSource":true,"isFileList":false,"handleSpecialChars":false,"frsAsset":false,"dynamicFileName":false,"currentlyProcessedFileName":false,"tgtObjectAttributes":{},"runtimeParameterData":{"@type":"mtTaskRuntimeParameterData","isConnectionRuntimeParameter":false,"isObjectRuntimeParameter":false},"overriddenFields":[]}],"sequences":[],"inOutParameters":[],"connRuntimeAttrs":[]}]