[{"@type":"mappingTemplate","id":"@1","name":"m_BM_MF_Dist_To_Material","description":"SQL STG.SAP_Material_Availablility  INTG.DimProduct to FF MF_Dist_To_Material","bundleVersion":"0","templateId":"@3","deployTime":1608328068000,"hasParameters":false,"valid":true,"fixedConnection":true,"hasParametersDeployed":false,"fixedConnectionDeployed":true,"tasks":1,"mappingPreviewFileRecordId":"@2","documentType":"","references":[{"@type":"reference","refObjectId":"@ad8cmU7wyihcBb5LLFMX6g","refType":"connection"},{"@type":"reference","refObjectId":"@2B5TYkH4nikgmN6N8AUW28","refType":"connection"},{"@type":"reference","refObjectId":"@bi1ENnYikQihWtRqUwZQUe","refType":"connection"}]}]