[{"@type":"mappingTemplate","id":"@1","name":"m_SF_2_SAP","description":"","bundleVersion":"0","templateId":"@3","deployTime":1606740089000,"hasParameters":false,"valid":true,"fixedConnection":true,"hasParametersDeployed":false,"fixedConnectionDeployed":true,"tasks":0,"mappingPreviewFileRecordId":"@2","documentType":"MAPPING","references":[{"@type":"reference","refObjectId":"@aVEnSyLYDsHciZtThLflSQ","refType":"businessService"},{"@type":"reference","refObjectId":"@3MCZHWeRQNybYncqpnIvuZ","refType":"connection"},{"@type":"reference","refObjectId":"@iffpvNjKEobeHRD4oL0Nop","refType":"connection"}]}]