[{"@type":"mtTask","id":"@1","name":"mt_SAP_Cust_to_SF_Acct","description":"","runtimeEnvironmentId":"@3XKHGjmD66QdpIa9NlgICl","maxLogs":10,"verbose":false,"lastRunTime":1606716264000,"mappingId":"@igsI9R1x1SDlhnPsDZvRGJ","shortDescription":"","sessionPropertiesList":[],"enableCrossSchemaPushdown":true,"enableParallelRun":false,"autoTunedApplied":false,"autoTunedAppliedType":"NONE","paramFileType":"PARAM_FILE_LOCAL","parameterFileEncoding":"UTF-8","serverlessProperties":{},"parameters":[{"@type":"mtTaskParameter","id":156343516,"name":"$src_KNA1$","type":"EXTENDED_SOURCE","label":"src_KNA1","uiProperties":{"connectionParameterized":"false","isMsrcFilterParameterized":"false","isMsrcSortParameterized":"false","objectParameterized":"false","visible":"false"},"sourceConnectionId":"@dJfssYLYVWfjNG2mwx9622","newFlatFile":false,"newObject":false,"showBusinessNames":false,"naturalOrder":true,"truncateTarget":false,"bulkApiDBTarget":false,"customFuncCfg":{"@type":"customFuncConfig","id":-1,"connections":[],"inputMap":[],"outputFields":[]},"tgtFieldRefs":{},"targetUpdateColumns":[],"extendedObject":{"@type":"extendedObject","object":{"@type":"mObject","name":"KNA1","label":"General Data in Customer Master","metadataUpdated":false,"relations":[],"children":[]},"filters":[{"@type":"filter","objectName":"KNA1","field":"LAND1","type":"STRING","operator":"notEquals","value":"NZ"}],"sortFields":[]},"runtimeAttrs":{},"isRESTModernSource":true,"isFileList":false,"handleSpecialChars":false,"frsAsset":false,"dynamicFileName":false,"currentlyProcessedFileName":false,"tgtObjectAttributes":{},"runtimeParameterData":{"@type":"mtTaskRuntimeParameterData","isConnectionRuntimeParameter":false,"isObjectRuntimeParameter":false},"overriddenFields":[]},{"@type":"mtTaskParameter","id":156343519,"name":"$tgt_SF_Account$","type":"TARGET","label":"tgt_SF_Account","uiProperties":{"connectionParameterized":"false","objectParameterized":"false","visible":"false","defaultTargetUpdateColumns":""},"targetConnectionId":"@3MCZHWeRQNybYncqpnIvuZ","targetObject":"Account","targetObjectLabel":"Account","newFlatFile":false,"newObject":false,"showBusinessNames":false,"naturalOrder":true,"truncateTarget":false,"bulkApiDBTarget":false,"operationType":"Upsert","customFuncCfg":{"@type":"customFuncConfig","id":-1,"connections":[],"inputMap":[],"outputFields":[]},"tgtFieldRefs":{},"targetUpdateColumns":[],"extendedObject":{"@type":"extendedObject","filters":[],"sortFields":[]},"runtimeAttrs":{},"isRESTModernSource":true,"isFileList":false,"handleSpecialChars":false,"frsAsset":false,"dynamicFileName":false,"currentlyProcessedFileName":false,"tgtObjectAttributes":{},"runtimeParameterData":{"@type":"mtTaskRuntimeParameterData","isConnectionRuntimeParameter":false,"isObjectRuntimeParameter":false},"overriddenFields":[]}],"sequences":[],"inOutParameters":[],"connRuntimeAttrs":[]}]