[{"@type":"mtTask","id":"@1","name":"mct_BM_Account_Info_Step2","description":"","runtimeEnvironmentId":"@3XKHGjmD66QdpIa9NlgICl","postProcessingCmd":"D:\\JHINFA\\BigMachines\\Scripts\\DISTTOMATERIAL.bat","maxLogs":10,"verbose":false,"lastRunTime":1589226249000,"mappingId":"@aLJSrQ3Jk2JkdFgHIk4pSW","shortDescription":"","sessionPropertiesList":[],"enableCrossSchemaPushdown":true,"enableParallelRun":false,"autoTunedApplied":false,"autoTunedAppliedType":"NONE","paramFileType":"PARAM_FILE_LOCAL","parameterFileEncoding":"UTF-8","serverlessProperties":{},"parameters":[{"@type":"mtTaskParameter","id":126263044,"name":"$Src_STG_BM_Account_Info$","type":"SOURCE","label":"Src_STG_BM_Account_Info","uiProperties":{"connectionParameterized":"false","objectParameterized":"false","visible":"false"},"sourceConnectionId":"@ad8cmU7wyihcBb5LLFMX6g","sourceObject":"DUMMY_Src_STG_BM_Account_Info","newFlatFile":false,"newObject":false,"showBusinessNames":false,"naturalOrder":true,"truncateTarget":false,"bulkApiDBTarget":false,"customFuncCfg":{"@type":"customFuncConfig","id":-1,"connections":[],"inputMap":[],"outputFields":[]},"tgtFieldRefs":{},"targetUpdateColumns":[],"runtimeAttrs":{},"isRESTModernSource":true,"customQuery":"select\nREPLACE(Payer,',','') Payer,\nREPLACE(Billto,',','') 'Bill_To_ID',\nREPLACE(Bill_To_Name,',','') Bill_To_Name,\nREPLACE(Bill_To_Address,',','') Bill_To_Address,\nREPLACE(Bill_To_City,',','') Bill_To_City,\nREPLACE(Bill_To_Postal_Code,',','') Bill_To_Postal_Code,\nREPLACE(Bill_To_Region,',','') Bill_To_Region,\nREPLACE(Bill_To_Country,',','') Bill_To_Country,\nREPLACE(Bill_To_External_EDI,',','') Bill_To_External_EDI,\nREPLACE(Ship_To_ID,',','') Ship_To_ID,\nREPLACE(Ship_To_Name,',','') Ship_To_Name,\nREPLACE(Ship_To_Address,',','') Ship_To_Adress,\nREPLACE(Ship_To_City,',','') \tShip_To_City,\nREPLACE(Ship_To_Postal_Code,',','') Ship_To_Postal_Code,\nREPLACE(Ship_To_Region,',','') Ship_To_Region,\nNULL 'Ship_To_ID_3',\nREPLACE(Ship_To_Country,',','') Ship_To_Country,\nREPLACE(Ship_To_Train_Stn,',','') Ship_To_Train_Stn,\nREPLACE(Ship_To_Price_Market,',','') Ship_To_Price_Market,\nREPLACE(Industry_Key,',','') Industry_Key,\nREPLACE(Order_Block,',','') Order_Block,\nNULL 'Delete'\nfrom BM_Account_Info","isFileList":false,"handleSpecialChars":false,"frsAsset":false,"dynamicFileName":false,"currentlyProcessedFileName":false,"tgtObjectAttributes":{},"runtimeParameterData":{"@type":"mtTaskRuntimeParameterData","isConnectionRuntimeParameter":false,"isObjectRuntimeParameter":false},"overriddenFields":[]},{"@type":"mtTaskParameter","id":126263047,"name":"$Tgt_FF_Account_Info_Part3$","type":"TARGET","label":"Tgt_FF_Account_Info_Part3","uiProperties":{"connectionParameterized":"false","objectParameterized":"false","visible":"false","defaultTargetUpdateColumns":""},"targetConnectionId":"@2B5TYkH4nikgmN6N8AUW28","targetObject":"Account_Info_Part3.csv","targetObjectLabel":"Account_Info_Part3.csv","newFlatFile":false,"newObject":true,"showBusinessNames":false,"naturalOrder":true,"newObjectName":"Account_Info_Part3.csv","truncateTarget":false,"bulkApiDBTarget":false,"operationType":"Insert","tgtFFAttrs":{"@type":"flatFileAttrs","id":22608196,"delimiter":",","textQualifier":"\"","escapeChar":"","headerLineNo":1},"customFuncCfg":{"@type":"customFuncConfig","id":-1,"connections":[],"inputMap":[],"outputFields":[]},"tgtFieldRefs":{},"targetUpdateColumns":[],"extendedObject":{"@type":"extendedObject","filters":[],"sortFields":[]},"runtimeAttrs":{},"isRESTModernSource":true,"isFileList":false,"handleSpecialChars":false,"frsAsset":false,"dynamicFileName":false,"currentlyProcessedFileName":false,"tgtObjectAttributes":{},"runtimeParameterData":{"@type":"mtTaskRuntimeParameterData","isConnectionRuntimeParameter":false,"isObjectRuntimeParameter":false},"overriddenFields":[]}],"sequences":[],"inOutParameters":[],"connRuntimeAttrs":[]}]