[{"@type":"mtTask","id":"@1","name":"mct_BM_HardieZone_Step1","description":"","runtimeEnvironmentId":"@3XKHGjmD66QdpIa9NlgICl","maxLogs":10,"verbose":false,"lastRunTime":1606143577000,"mappingId":"@5EdacYFkve6dTU1xDLhjiG","shortDescription":"","sessionPropertiesList":[],"enableCrossSchemaPushdown":true,"enableParallelRun":false,"autoTunedApplied":false,"autoTunedAppliedType":"NONE","paramFileType":"PARAM_FILE_LOCAL","parameterFileEncoding":"UTF-8","serverlessProperties":{},"parameters":[{"@type":"mtTaskParameter","id":173667256,"name":"$Src_FF_SAP_JH_Common$","type":"EXTENDED_SOURCE","label":"Src_FF_SAP_JH_Common","uiProperties":{"connectionParameterized":"false","isMsrcFilterParameterized":"false","isMsrcSortParameterized":"false","objectParameterized":"false","visible":"false"},"sourceConnectionId":"@btSWhPEWledlGQhy81QDIN","newFlatFile":false,"newObject":false,"showBusinessNames":false,"naturalOrder":true,"truncateTarget":false,"bulkApiDBTarget":false,"srcFFAttrs":{"@type":"flatFileAttrs","id":27045445,"delimiter":"\t","textQualifier":"none","escapeChar":"","headerLineNo":2147483647,"firstDataRow":1},"customFuncCfg":{"@type":"customFuncConfig","id":-1,"connections":[],"inputMap":[],"outputFields":[]},"tgtFieldRefs":{},"targetUpdateColumns":[],"extendedObject":{"@type":"extendedObject","object":{"@type":"mObject","name":"hardiezone_all.txt","label":"hardiezone_all.txt","metadataUpdated":false,"relations":[],"children":[]},"filters":[],"sortFields":[]},"runtimeAttrs":{},"isRESTModernSource":true,"isFileList":false,"handleSpecialChars":false,"frsAsset":false,"dynamicFileName":false,"currentlyProcessedFileName":false,"fetchMode":"ORIGINAL","tgtObjectAttributes":{},"runtimeParameterData":{"@type":"mtTaskRuntimeParameterData","isConnectionRuntimeParameter":false,"isObjectRuntimeParameter":false},"overriddenFields":[]},{"@type":"mtTaskParameter","id":173667259,"name":"$Src_SAP_TA_Zipcode_to_County_ZZIPCODE2$","type":"SOURCE","label":"Src_SAP_TA_Zipcode_to_County_ZZIPCODE2","uiProperties":{"connectionParameterized":"false","objectParameterized":"false","visible":"false"},"sourceConnectionId":"@ad8cmU7wyihcBb5LLFMX6g","sourceObject":"DUMMY_Src_SAP_TA_Zipcode_to_County_ZZIPCODE2","newFlatFile":false,"newObject":false,"showBusinessNames":false,"naturalOrder":true,"truncateTarget":false,"bulkApiDBTarget":false,"customFuncCfg":{"@type":"customFuncConfig","id":-1,"connections":[],"inputMap":[],"outputFields":[]},"tgtFieldRefs":{},"targetUpdateColumns":[],"runtimeAttrs":{},"isRESTModernSource":true,"customQuery":"SELECT DISTINCT State_REGIO\n, SUBSTRING(ZIP_Code_ZIPCODE,0,4) ZIP_Code_ZIPCODE_Substring3\nFROM stgdev.dbo.SAP_TA_Zipcode_to_County_ZZIPCODE\nWHERE State_REGIO NOT IN('03', '04', '07', '08', '09'\n, '28', 'BE', 'BU', 'CH', 'GR', 'HT', 'AKL', 'NSW', 'QLD')\nAND NOT (SUBSTRING(ZIP_Code_ZIPCODE,0,4) = '063' AND State_REGIO = 'NY')\nAND NOT (SUBSTRING(ZIP_Code_ZIPCODE,0,4) = '205' AND State_REGIO IN('MD', 'VA'))\nAND NOT (SUBSTRING(ZIP_Code_ZIPCODE,0,4) = '739' AND State_REGIO = 'TX')\nAND NOT (SUBSTRING(ZIP_Code_ZIPCODE,0,4) = '834' AND State_REGIO = 'WY')","isFileList":false,"handleSpecialChars":false,"frsAsset":false,"dynamicFileName":false,"currentlyProcessedFileName":false,"fetchMode":"ORIGINAL","tgtObjectAttributes":{},"runtimeParameterData":{"@type":"mtTaskRuntimeParameterData","isConnectionRuntimeParameter":false,"isObjectRuntimeParameter":false},"overriddenFields":[]},{"@type":"mtTaskParameter","id":173667262,"name":"$Tgt_STG_BM_HardieZone$","type":"TARGET","label":"Tgt_STG_BM_HardieZone","uiProperties":{"connectionParameterized":"false","objectParameterized":"false","visible":"false","defaultTargetUpdateColumns":""},"targetConnectionId":"@ad8cmU7wyihcBb5LLFMX6g","targetObject":"BM_HardieZone","targetObjectLabel":"BM_HardieZone","newFlatFile":false,"newObject":false,"showBusinessNames":false,"naturalOrder":true,"truncateTarget":true,"bulkApiDBTarget":true,"operationType":"Insert","customFuncCfg":{"@type":"customFuncConfig","id":-1,"connections":[],"inputMap":[],"outputFields":[]},"tgtFieldRefs":{},"targetUpdateColumns":[],"extendedObject":{"@type":"extendedObject","filters":[],"sortFields":[]},"runtimeAttrs":{},"isRESTModernSource":true,"isFileList":false,"handleSpecialChars":false,"frsAsset":false,"dynamicFileName":false,"currentlyProcessedFileName":false,"fetchMode":"ORIGINAL","tgtObjectAttributes":{},"runtimeParameterData":{"@type":"mtTaskRuntimeParameterData","isConnectionRuntimeParameter":false,"isObjectRuntimeParameter":false},"overriddenFields":[]},{"@type":"mtTaskParameter","id":173667265,"name":"$Tgt_STG_BM_HardieZone2$","type":"TARGET","label":"Tgt_STG_BM_HardieZone2","uiProperties":{"connectionParameterized":"false","objectParameterized":"false","visible":"false","defaultTargetUpdateColumns":""},"targetConnectionId":"@ad8cmU7wyihcBb5LLFMX6g","targetObject":"BM_HardieZone","targetObjectLabel":"BM_HardieZone","newFlatFile":false,"newObject":false,"showBusinessNames":false,"naturalOrder":true,"truncateTarget":true,"bulkApiDBTarget":true,"operationType":"Insert","customFuncCfg":{"@type":"customFuncConfig","id":-1,"connections":[],"inputMap":[],"outputFields":[]},"tgtFieldRefs":{},"targetUpdateColumns":[],"extendedObject":{"@type":"extendedObject","filters":[],"sortFields":[]},"runtimeAttrs":{},"isRESTModernSource":true,"isFileList":false,"handleSpecialChars":false,"frsAsset":false,"dynamicFileName":false,"currentlyProcessedFileName":false,"fetchMode":"ORIGINAL","tgtObjectAttributes":{},"runtimeParameterData":{"@type":"mtTaskRuntimeParameterData","isConnectionRuntimeParameter":false,"isObjectRuntimeParameter":false},"overriddenFields":[]},{"@type":"mtTaskParameter","id":173667268,"name":"$LKUP_SAP_TA_Zipcode_to_County_ZZIPCODE$","type":"LOOKUP","label":"LKUP_SAP_TA_Zipcode_to_County_ZZIPCODE","uiProperties":{"connectionParameterized":"false","isCachedLookup":"true","objectParameterized":"false","visible":"false"},"lookupConnectionId":"@ad8cmU7wyihcBb5LLFMX6g","lookupObject":"SAP_TA_Zipcode_to_County_ZZIPCODE","lookupObjectLabel":"SAP_TA_Zipcode_to_County_ZZIPCODE","newFlatFile":false,"newObject":false,"showBusinessNames":false,"naturalOrder":true,"truncateTarget":false,"bulkApiDBTarget":false,"customFuncCfg":{"@type":"customFuncConfig","id":-1,"connections":[],"inputMap":[],"outputFields":[]},"tgtFieldRefs":{},"targetUpdateColumns":[],"runtimeAttrs":{},"isRESTModernSource":true,"isFileList":false,"handleSpecialChars":false,"frsAsset":false,"dynamicFileName":false,"currentlyProcessedFileName":false,"fetchMode":"ORIGINAL","tgtObjectAttributes":{},"runtimeParameterData":{"@type":"mtTaskRuntimeParameterData","isConnectionRuntimeParameter":false,"isObjectRuntimeParameter":false},"overriddenFields":[]}],"sequences":[],"inOutParameters":[],"connRuntimeAttrs":[]}]