[{"@type":"mappingTemplate","id":"@1","name":"m_BM_SalesDeal_Step1","description":"FF from SAP JH Common folder to SQL STG","bundleVersion":"0","templateId":"@3","deployTime":1588282441000,"hasParameters":false,"valid":true,"fixedConnection":true,"hasParametersDeployed":false,"fixedConnectionDeployed":true,"tasks":1,"mappingPreviewFileRecordId":"@2","documentType":"","references":[{"@type":"reference","refObjectId":"@btSWhPEWledlGQhy81QDIN","refType":"connection"},{"@type":"reference","refObjectId":"@ad8cmU7wyihcBb5LLFMX6g","refType":"connection"}]}]