[{"@type":"mtTask","id":"@1","name":"mct_BM_Ship_To_Info_Step2","description":"","runtimeEnvironmentId":"@3XKHGjmD66QdpIa9NlgICl","postProcessingCmd":"D:\\JHINFA\\BigMachines\\Scripts\\SHIPTO.bat","maxLogs":10,"verbose":false,"lastRunTime":1588704050000,"mappingId":"@ie7ZDBgFykMkm72wwgi16p","shortDescription":"","sessionPropertiesList":[],"enableCrossSchemaPushdown":true,"enableParallelRun":false,"autoTunedApplied":false,"autoTunedAppliedType":"NONE","parameterFileEncoding":"UTF-8","serverlessProperties":{},"parameters":[{"@type":"mtTaskParameter","id":59952976,"name":"$Src_STG_BM_MF_SalesDeal$","type":"SOURCE","label":"Src_STG_BM_MF_SalesDeal","uiProperties":{"connectionParameterized":"false","objectParameterized":"false","visible":"false"},"sourceConnectionId":"@ad8cmU7wyihcBb5LLFMX6g","sourceObject":"DUMMY_Src_STG_BM_MF_SalesDeal","newFlatFile":false,"newObject":false,"showBusinessNames":false,"naturalOrder":true,"truncateTarget":false,"bulkApiDBTarget":false,"customFuncCfg":{"@type":"customFuncConfig","id":-1,"connections":[],"inputMap":[],"outputFields":[]},"tgtFieldRefs":{},"targetUpdateColumns":[],"runtimeAttrs":{},"isRESTModernSource":true,"customQuery":"select\nREPLACE(Ship_To_ID,',','') Ship_To_ID,\nREPLACE(Sales_Org,',','') Sales_Org,\nREPLACE(Sales_Dist_Channel,',','') Sales_Dist_Channel,\nREPLACE(Division,',','') Division,\nREPLACE(Sales_Group,',','') Sales_Group,\nREPLACE(Sales_Office,',','') Sales_Office,\nREPLACE(Customer_Type,',','') Customer_Type,\nREPLACE(Sales_Dist,',','') Sales_Dist,\nREPLACE(Price_Group,',','') Price_Group,\nREPLACE(Currency,',','') Currency,\nREPLACE(Payment_Terms,',','') Payment_Terms,\nREPLACE(Inco_Terms,',','') Inco_Terms,\nREPLACE(Order_Block,',','') Order_Block,\nREPLACE(Partner_Fn,',','') Partner_Fn,\nREPLACE(Primary_Contact_ID,',','') Primary_Contact_ID,\nREPLACE(Default_Partner,',','') Default_Partner,\nREPLACE(concat(Ship_To_ID,'-', Sales_Org,'-', Sales_Dist_Channel,'-', Division),',','')  'Primary_Key',\nREPLACE(MF_Flag,',','') MF_Flag\nfrom BM_Ship_To_Info","isFileList":false,"handleSpecialChars":false,"frsAsset":false,"dynamicFileName":false,"currentlyProcessedFileName":false,"tgtObjectAttributes":{},"runtimeParameterData":{"@type":"mtTaskRuntimeParameterData","isConnectionRuntimeParameter":false,"isObjectRuntimeParameter":false},"overriddenFields":[]},{"@type":"mtTaskParameter","id":59952979,"name":"$Tgt_FF_MF_SalesDeal_Part3$","type":"TARGET","label":"Tgt_FF_MF_SalesDeal_Part3","uiProperties":{"connectionParameterized":"false","objectParameterized":"false","visible":"false","defaultTargetUpdateColumns":""},"targetConnectionId":"@2B5TYkH4nikgmN6N8AUW28","targetObject":"Ship_To_Info_Part3.csv","targetObjectLabel":"Ship_To_Info_Part3.csv","newFlatFile":false,"newObject":true,"showBusinessNames":false,"naturalOrder":true,"newObjectName":"Ship_To_Info_Part3.csv","truncateTarget":false,"bulkApiDBTarget":false,"operationType":"Insert","tgtFFAttrs":{"@type":"flatFileAttrs","id":10981234,"delimiter":",","textQualifier":"\"","escapeChar":"","headerLineNo":1},"customFuncCfg":{"@type":"customFuncConfig","id":-1,"connections":[],"inputMap":[],"outputFields":[]},"tgtFieldRefs":{},"targetUpdateColumns":[],"extendedObject":{"@type":"extendedObject","filters":[],"sortFields":[]},"runtimeAttrs":{},"isRESTModernSource":true,"isFileList":false,"handleSpecialChars":false,"frsAsset":false,"dynamicFileName":false,"currentlyProcessedFileName":false,"tgtObjectAttributes":{},"runtimeParameterData":{"@type":"mtTaskRuntimeParameterData","isConnectionRuntimeParameter":false,"isObjectRuntimeParameter":false},"overriddenFields":[]}],"sequences":[],"inOutParameters":[],"connRuntimeAttrs":[]}]