[{"@type":"workflow","id":"@1","name":"tf_BM_SAP_to_Bigmachines_Main","description":"SAP to Bigmanchines Main","maxLogs":10,"references":[{"@type":"reference","refObjectId":"@8NwJo5S36FSkTrLicULOyB","refType":"mtTask"},{"@type":"reference","refObjectId":"@4a94uV4ojwVhrCkhwkWGwB","refType":"mtTask"},{"@type":"reference","refObjectId":"@4lVJrwoRvPGggRUtza8Zy1","refType":"mtTask"},{"@type":"reference","refObjectId":"@bhG4e8rtiYWkGgPBAV5bic","refType":"mtTask"},{"@type":"reference","refObjectId":"@aT7hD3wIFnDcnjQKb6bf0R","refType":"mtTask"},{"@type":"reference","refObjectId":"@3uEBswz3mkYcUTciCJklsO","refType":"mtTask"},{"@type":"reference","refObjectId":"@0jlF7Sp18QThT3Dn2LLnOJ","refType":"mtTask"},{"@type":"reference","refObjectId":"@9hQSlPddw0DlEUgML4Mo0u","refType":"mtTask"},{"@type":"reference","refObjectId":"@3NxOUxD0icqbONFu7uXiEi","refType":"mtTask"},{"@type":"reference","refObjectId":"@7TiLKZ3TKeib0opvU92kiZ","refType":"mtTask"},{"@type":"reference","refObjectId":"@3wTdNIeJ5uUhSDNokpbiqn","refType":"mtTask"},{"@type":"reference","refObjectId":"@gTjUKuuzTQNeJakdLG4P46","refType":"mtTask"},{"@type":"reference","refObjectId":"@aQThKEgRAt1kjfrtCgZsSj","refType":"mtTask"},{"@type":"reference","refObjectId":"@7A4gxsDN1UtbOadhUwD8G1","refType":"mtTask"},{"@type":"reference","refObjectId":"@980UrbuJlGJcGuGcXE0hmi","refType":"mtTask"},{"@type":"reference","refObjectId":"@8uFwFKM0EEbbPzWN6vVG88","refType":"mtTask"},{"@type":"reference","refObjectId":"@lEosBqA1qoLiFJ4wmrQKMs","refType":"mtTask"},{"@type":"reference","refObjectId":"@75uPYyXPyv7bsI30pJBXIi","refType":"mtTask"},{"@type":"reference","refObjectId":"@3fv3ZqkOXg6bqvVbqcxOa5","refType":"dssTask"}],"tasks":[{"@type":"workflowTask","taskId":"@8NwJo5S36FSkTrLicULOyB","type":"MTT","name":"mct_BM_SalesDeal_Step1","stopOnError":false,"stopOnWarning":false},{"@type":"workflowTask","taskId":"@4a94uV4ojwVhrCkhwkWGwB","type":"MTT","name":"mct_BM_SalesDeal_Step2","stopOnError":false,"stopOnWarning":false},{"@type":"workflowTask","taskId":"@4lVJrwoRvPGggRUtza8Zy1","type":"MTT","name":"mct_BM_PA_PE_Data_Step1","stopOnError":false,"stopOnWarning":false},{"@type":"workflowTask","taskId":"@bhG4e8rtiYWkGgPBAV5bic","type":"MTT","name":"mct_BM_PA_PE_Data_Step2","stopOnError":false,"stopOnWarning":false},{"@type":"workflowTask","taskId":"@aT7hD3wIFnDcnjQKb6bf0R","type":"MTT","name":"mct_BM_Ship_To_Info_Step1","stopOnError":false,"stopOnWarning":false},{"@type":"workflowTask","taskId":"@3uEBswz3mkYcUTciCJklsO","type":"MTT","name":"mct_BM_Ship_To_Info_Step2","stopOnError":false,"stopOnWarning":false},{"@type":"workflowTask","taskId":"@0jlF7Sp18QThT3Dn2LLnOJ","type":"MTT","name":"mct_BM_Account_Info_Step1","stopOnError":false,"stopOnWarning":false},{"@type":"workflowTask","taskId":"@9hQSlPddw0DlEUgML4Mo0u","type":"MTT","name":"mct_BM_Account_Info_Step2","stopOnError":false,"stopOnWarning":false},{"@type":"workflowTask","taskId":"@3NxOUxD0icqbONFu7uXiEi","type":"MTT","name":"mct_BM_Contact_Info_Step1","stopOnError":false,"stopOnWarning":false},{"@type":"workflowTask","taskId":"@7TiLKZ3TKeib0opvU92kiZ","type":"MTT","name":"mct_BM_Contact_Info_Step2","stopOnError":false,"stopOnWarning":false},{"@type":"workflowTask","taskId":"@3wTdNIeJ5uUhSDNokpbiqn","type":"MTT","name":"mct_BM_Mrkting_Color_Step1","stopOnError":false,"stopOnWarning":false},{"@type":"workflowTask","taskId":"@gTjUKuuzTQNeJakdLG4P46","type":"MTT","name":"mct_BM_Mrkting_Color_Step2","stopOnError":false,"stopOnWarning":false},{"@type":"workflowTask","taskId":"@aQThKEgRAt1kjfrtCgZsSj","type":"MTT","name":"mct_BM_Matl_Info_Step1","stopOnError":false,"stopOnWarning":false},{"@type":"workflowTask","taskId":"@7A4gxsDN1UtbOadhUwD8G1","type":"MTT","name":"mct_BM_Matl_Info_Step2","stopOnError":false,"stopOnWarning":false},{"@type":"workflowTask","taskId":"@980UrbuJlGJcGuGcXE0hmi","type":"MTT","name":"mct_BM_HardieZone_Step1","stopOnError":false,"stopOnWarning":false},{"@type":"workflowTask","taskId":"@8uFwFKM0EEbbPzWN6vVG88","type":"MTT","name":"mct_BM_HardieZone_Step2","stopOnError":false,"stopOnWarning":false},{"@type":"workflowTask","taskId":"@lEosBqA1qoLiFJ4wmrQKMs","type":"MTT","name":"mct_BM_Dist_To_Material","stopOnError":false,"stopOnWarning":false},{"@type":"workflowTask","taskId":"@75uPYyXPyv7bsI30pJBXIi","type":"MTT","name":"mct_BM_MF_Dist_To_Material","stopOnError":false,"stopOnWarning":false},{"@type":"workflowTask","taskId":"@3fv3ZqkOXg6bqvVbqcxOa5","type":"DSS","name":"ds_BM_SalesDeal_Step3","stopOnError":false,"stopOnWarning":false}]}]